state,year_month,disaster_count
AK,1953-10,1
AK,1954-11,1
AK,1955-12,1
AK,1964-03,1
AK,1967-08,1
AK,1969-12,1
AK,1970-06,1
AK,1971-06,2
AK,1973-05,1
AK,1973-11,1
AK,1974-06,1
AK,1974-09,1
AK,1974-11,1
AK,1975-12,1
AK,1986-09,1
AK,1986-10,1
AK,1988-02,1
AK,1989-01,1
AK,1989-05,1
AK,1990-07,1
AK,1991-04,1
AK,1991-07,1
AK,1994-08,1
AK,1995-09,1
AK,1996-06,2
AK,1999-12,1
AK,2001-06,1
AK,2002-04,1
AK,2002-10,1
AK,2002-11,1
AK,2003-03,1
AK,2004-06,1
AK,2004-07,1
AK,2004-08,1
AK,2004-10,1
AK,2005-01,1
AK,2005-09,1
AK,2006-05,1
AK,2006-06,1
AK,2006-08,2
AK,2006-10,1
AK,2007-06,1
AK,2008-07,1
AK,2009-04,1
AK,2009-05,1
AK,2009-10,1
AK,2011-05,2
AK,2011-11,2
AK,2012-09,1
AK,2013-05,1
AK,2013-10,1
AK,2013-11,1
AK,2015-06,2
AK,2015-08,1
AK,2015-12,1
AK,2017-09,1
AK,2017-12,1
AK,2018-05,1
AK,2018-11,2
AK,2019-06,1
AK,2019-08,2
AK,2020-01,2
AK,2020-11,1
AK,2021-10,1
AK,2021-12,1
AK,2022-01,1
AK,2022-05,2
AK,2022-06,1
AK,2022-09,1
AK,2023-05,1
AK,2023-08,1
AK,2023-11,2
AK,2024-08,4
AK,2024-10,1
AK,2025-06,2
AK,2025-07,1
AK,2025-10,2
AK,2025-12,1
AL,1961-02,1
AL,1969-11,1
AL,1970-04,1
AL,1973-03,1
AL,1973-05,1
AL,1974-04,1
AL,1975-01,1
AL,1975-03,1
AL,1975-04,1
AL,1975-10,1
AL,1977-04,1
AL,1977-07,1
AL,1978-04,1
AL,1978-08,1
AL,1979-03,1
AL,1979-04,1
AL,1979-09,1
AL,1980-04,1
AL,1981-04,1
AL,1981-05,1
AL,1983-12,1
AL,1984-05,1
AL,1985-08,1
AL,1989-11,1
AL,1990-02,1
AL,1990-03,1
AL,1990-12,1
AL,1993-03,1
AL,1994-01,1
AL,1994-03,1
AL,1994-07,1
AL,1995-02,1
AL,1995-10,1
AL,1996-02,1
AL,1996-03,1
AL,1997-07,1
AL,1998-03,1
AL,1998-04,1
AL,1998-09,3
AL,1998-12,1
AL,1999-09,6
AL,2000-01,1
AL,2000-03,1
AL,2000-09,1
AL,2000-12,1
AL,2001-02,1
AL,2001-11,2
AL,2002-09,1
AL,2002-11,1
AL,2003-05,1
AL,2004-09,1
AL,2005-07,1
AL,2005-08,3
AL,2007-03,1
AL,2008-08,2
AL,2008-09,1
AL,2009-03,1
AL,2009-04,1
AL,2009-05,1
AL,2009-11,1
AL,2009-12,1
AL,2010-04,1
AL,2011-04,2
AL,2012-01,1
AL,2012-08,1
AL,2014-04,1
AL,2015-12,1
AL,2017-09,1
AL,2017-10,2
AL,2018-03,1
AL,2018-10,2
AL,2019-02,1
AL,2019-03,1
AL,2020-01,4
AL,2020-02,1
AL,2020-04,2
AL,2020-09,2
AL,2020-10,1
AL,2021-03,1
AL,2021-10,1
AL,2023-01,1
AL,2023-03,1
AL,2024-09,1
AR,1957-05,1
AR,1958-05,1
AR,1960-05,1
AR,1961-05,1
AR,1963-08,1
AR,1964-03,1
AR,1968-05,2
AR,1969-02,1
AR,1972-01,1
AR,1973-04,1
AR,1973-05,1
AR,1974-05,1
AR,1974-06,1
AR,1975-04,1
AR,1975-06,1
AR,1976-04,1
AR,1976-12,1
AR,1978-01,1
AR,1978-04,1
AR,1978-09,1
AR,1979-04,1
AR,1980-04,1
AR,1982-04,1
AR,1982-12,1
AR,1983-07,1
AR,1987-12,2
AR,1988-11,1
AR,1990-05,1
AR,1991-04,1
AR,1992-06,1
AR,1994-02,1
AR,1996-04,1
AR,1997-03,1
AR,1997-04,1
AR,1998-04,1
AR,1999-01,1
AR,2000-12,2
AR,2001-02,1
AR,2001-12,1
AR,2002-12,1
AR,2003-05,1
AR,2004-04,1
AR,2004-05,1
AR,2005-08,1
AR,2006-04,1
AR,2008-02,1
AR,2008-03,1
AR,2008-05,1
AR,2008-09,2
AR,2009-01,2
AR,2009-04,2
AR,2009-10,1
AR,2009-12,1
AR,2011-04,1
AR,2011-05,1
AR,2012-12,1
AR,2013-05,1
AR,2013-08,1
AR,2013-12,1
AR,2014-04,1
AR,2015-05,1
AR,2015-12,1
AR,2016-03,1
AR,2017-04,1
AR,2019-05,2
AR,2019-06,1
AR,2020-01,2
AR,2020-03,1
AR,2020-04,1
AR,2020-08,1
AR,2021-12,1
AR,2023-01,1
AR,2023-03,1
AR,2023-06,1
AR,2024-05,1
AR,2025-03,1
AR,2025-04,2
AR,2026-01,1
AZ,1966-04,1
AZ,1970-09,1
AZ,1972-07,1
AZ,1972-10,1
AZ,1977-04,1
AZ,1977-11,1
AZ,1978-03,1
AZ,1978-12,1
AZ,1980-02,1
AZ,1983-06,1
AZ,1983-09,1
AZ,1985-01,1
AZ,1990-06,1
AZ,1990-07,1
AZ,1993-01,1
AZ,1993-06,3
AZ,1993-07,1
AZ,1994-04,1
AZ,1994-06,4
AZ,1995-06,1
AZ,1995-07,1
AZ,1996-05,1
AZ,1996-06,2
AZ,1999-06,1
AZ,1999-09,1
AZ,2000-10,1
AZ,2002-04,1
AZ,2002-05,1
AZ,2002-06,3
AZ,2002-07,1
AZ,2003-06,3
AZ,2003-07,1
AZ,2004-06,2
AZ,2004-12,1
AZ,2005-02,1
AZ,2005-05,1
AZ,2005-06,4
AZ,2005-07,1
AZ,2005-08,1
AZ,2006-06,4
AZ,2006-07,1
AZ,2008-06,1
AZ,2009-05,1
AZ,2009-08,1
AZ,2009-10,1
AZ,2010-01,2
AZ,2010-06,2
AZ,2010-07,1
AZ,2010-10,1
AZ,2011-05,1
AZ,2011-06,2
AZ,2012-12,1
AZ,2013-06,2
AZ,2013-07,1
AZ,2014-05,1
AZ,2014-09,1
AZ,2015-06,1
AZ,2015-08,1
AZ,2016-06,1
AZ,2017-06,2
AZ,2017-07,1
AZ,2018-04,1
AZ,2018-05,1
AZ,2018-07,1
AZ,2018-10,1
AZ,2019-02,1
AZ,2019-07,1
AZ,2020-01,3
AZ,2020-05,2
AZ,2020-06,4
AZ,2020-08,1
AZ,2021-04,1
AZ,2021-05,1
AZ,2021-06,1
AZ,2021-07,1
AZ,2022-04,2
AZ,2022-06,1
AZ,2022-07,1
AZ,2022-10,1
AZ,2023-01,1
AZ,2023-06,1
AZ,2024-05,1
AZ,2024-06,2
AZ,2024-07,3
AZ,2024-08,1
AZ,2025-05,2
AZ,2025-10,1
CA,1954-02,1
CA,1955-12,1
CA,1956-12,1
CA,1958-04,1
CA,1961-11,1
CA,1962-03,1
CA,1962-10,1
CA,1963-02,1
CA,1963-12,1
CA,1964-04,1
CA,1964-12,1
CA,1965-12,1
CA,1966-01,1
CA,1967-01,1
CA,1969-01,1
CA,1969-08,1
CA,1970-02,1
CA,1970-09,1
CA,1971-02,1
CA,1972-01,1
CA,1972-04,1
CA,1972-06,1
CA,1973-02,1
CA,1974-01,1
CA,1974-05,1
CA,1976-09,1
CA,1977-01,1
CA,1977-08,1
CA,1978-02,1
CA,1978-10,2
CA,1979-07,1
CA,1979-10,1
CA,1980-01,1
CA,1980-02,1
CA,1980-10,1
CA,1980-11,1
CA,1981-12,1
CA,1982-04,1
CA,1982-08,1
CA,1983-01,1
CA,1983-05,1
CA,1983-06,1
CA,1983-08,1
CA,1985-06,1
CA,1985-07,2
CA,1986-02,1
CA,1987-09,1
CA,1987-10,1
CA,1988-01,1
CA,1988-09,2
CA,1989-10,1
CA,1990-06,1
CA,1990-12,1
CA,1991-10,1
CA,1992-02,1
CA,1992-04,2
CA,1992-06,1
CA,1992-08,1
CA,1993-01,1
CA,1993-10,1
CA,1994-01,1
CA,1994-05,1
CA,1995-01,1
CA,1995-02,1
CA,1996-10,1
CA,1996-12,1
CA,1998-02,1
CA,1998-12,1
CA,1999-08,1
CA,2000-09,1
CA,2002-02,1
CA,2002-05,1
CA,2002-06,3
CA,2002-07,2
CA,2002-09,5
CA,2003-01,1
CA,2003-06,2
CA,2003-07,2
CA,2003-08,1
CA,2003-09,1
CA,2003-10,10
CA,2003-12,1
CA,2004-04,1
CA,2004-05,2
CA,2004-06,2
CA,2004-07,7
CA,2004-08,6
CA,2004-09,4
CA,2004-12,1
CA,2005-02,1
CA,2005-07,1
CA,2005-08,2
CA,2005-09,2
CA,2005-10,2
CA,2005-11,1
CA,2005-12,1
CA,2006-02,1
CA,2006-03,1
CA,2006-07,3
CA,2006-09,2
CA,2006-10,1
CA,2006-12,1
CA,2007-01,1
CA,2007-03,1
CA,2007-05,2
CA,2007-06,2
CA,2007-07,2
CA,2007-09,2
CA,2007-10,10
CA,2008-04,1
CA,2008-05,1
CA,2008-06,7
CA,2008-07,2
CA,2008-09,1
CA,2008-10,2
CA,2008-11,4
CA,2009-05,1
CA,2009-08,7
CA,2009-09,1
CA,2009-10,1
CA,2010-01,1
CA,2010-04,1
CA,2010-07,3
CA,2010-08,1
CA,2010-09,2
CA,2010-12,1
CA,2011-03,1
CA,2011-09,4
CA,2012-08,2
CA,2012-09,1
CA,2013-05,3
CA,2013-07,1
CA,2013-08,4
CA,2013-09,1
CA,2014-01,1
CA,2014-05,2
CA,2014-07,1
CA,2014-08,8
CA,2014-09,4
CA,2014-10,1
CA,2014-12,1
CA,2015-07,3
CA,2015-09,3
CA,2016-06,4
CA,2016-07,4
CA,2016-08,5
CA,2017-01,3
CA,2017-02,3
CA,2017-07,2
CA,2017-08,3
CA,2017-09,3
CA,2017-10,11
CA,2017-12,7
CA,2018-06,2
CA,2018-07,8
CA,2018-08,1
CA,2018-11,5
CA,2019-02,5
CA,2019-07,1
CA,2019-10,8
CA,2019-11,2
CA,2020-01,2
CA,2020-08,10
CA,2020-09,8
CA,2020-10,2
CA,2020-12,1
CA,2021-06,1
CA,2021-07,2
CA,2021-08,6
CA,2021-09,1
CA,2021-10,1
CA,2022-05,1
CA,2022-07,1
CA,2022-09,3
CA,2022-12,2
CA,2023-01,1
CA,2023-02,3
CA,2023-03,2
CA,2023-08,3
CA,2024-01,4
CA,2024-07,5
CA,2024-09,4
CA,2024-11,1
CA,2024-12,1
CA,2025-01,4
CA,2025-08,1
CA,2025-09,1
CA,2026-05,3
CO,1955-05,1
CO,1956-06,1
CO,1965-06,1
CO,1969-05,1
CO,1970-09,1
CO,1973-05,2
CO,1973-07,1
CO,1976-08,1
CO,1977-01,1
CO,1978-09,1
CO,1980-06,1
CO,1982-07,1
CO,1984-07,1
CO,1989-07,1
CO,1990-11,1
CO,1994-07,3
CO,1996-05,1
CO,1997-07,1
CO,1999-04,1
CO,2000-06,2
CO,2000-09,1
CO,2001-04,1
CO,2001-10,1
CO,2002-04,3
CO,2002-05,2
CO,2002-06,11
CO,2002-07,3
CO,2003-03,1
CO,2003-07,1
CO,2003-10,2
CO,2003-11,1
CO,2004-04,1
CO,2004-07,1
CO,2005-07,1
CO,2005-08,1
CO,2006-01,1
CO,2006-06,1
CO,2006-08,1
CO,2006-12,2
CO,2007-06,1
CO,2008-04,1
CO,2008-05,1
CO,2008-06,1
CO,2009-01,1
CO,2010-09,2
CO,2011-03,1
CO,2011-04,1
CO,2011-06,1
CO,2012-03,1
CO,2012-06,4
CO,2012-10,1
CO,2013-06,6
CO,2013-09,2
CO,2015-05,1
CO,2016-07,1
CO,2016-10,2
CO,2018-06,2
CO,2018-07,1
CO,2020-01,2
CO,2020-08,2
CO,2020-09,2
CO,2020-10,2
CO,2021-12,2
CO,2023-06,1
CO,2024-07,2
CO,2024-08,1
CO,2025-08,3
CO,2026-06,2
CO,2026-07,1
CT,1954-09,1
CT,1955-08,1
CT,1978-02,1
CT,1979-10,1
CT,1982-06,1
CT,1984-05,1
CT,1985-09,1
CT,1989-07,1
CT,1991-08,1
CT,1992-12,1
CT,1993-03,1
CT,1996-01,1
CT,1999-09,1
CT,2003-02,1
CT,2003-12,1
CT,2005-01,1
CT,2005-08,1
CT,2005-10,1
CT,2006-02,1
CT,2007-04,1
CT,2010-03,1
CT,2011-01,1
CT,2011-08,2
CT,2011-10,2
CT,2012-10,2
CT,2013-02,2
CT,2015-01,1
CT,2018-05,1
CT,2018-09,1
CT,2020-01,2
CT,2020-08,2
CT,2021-08,1
CT,2021-09,1
CT,2024-01,1
CT,2024-08,2
CT,2024-10,1
DC,1989-06,1
DC,1993-03,1
DC,1994-01,1
DC,1996-01,1
DC,2000-01,1
DC,2000-08,1
DC,2001-08,1
DC,2003-02,1
DC,2003-09,1
DC,2005-08,1
DC,2009-01,1
DC,2009-12,1
DC,2010-02,1
DC,2011-08,3
DC,2012-06,1
DC,2012-10,2
DC,2016-01,1
DC,2020-01,2
DC,2021-01,1
DC,2026-01,1
DE,1962-03,1
DE,1965-08,1
DE,1992-01,1
DE,1992-12,1
DE,1993-03,1
DE,1994-02,1
DE,1996-01,1
DE,1998-01,1
DE,1999-09,1
DE,2003-02,1
DE,2003-09,2
DE,2004-09,1
DE,2005-08,1
DE,2006-06,1
DE,2010-02,1
DE,2011-08,2
DE,2012-10,2
DE,2016-01,1
DE,2020-01,2
DE,2020-08,1
DE,2021-09,1
DE,2026-02,1
FL,1953-10,1
FL,1960-03,1
FL,1960-09,1
FL,1962-12,1
FL,1964-09,2
FL,1965-09,1
FL,1968-11,1
FL,1970-07,1
FL,1971-03,1
FL,1972-06,1
FL,1973-05,1
FL,1975-08,1
FL,1975-09,1
FL,1977-01,1
FL,1979-03,1
FL,1979-05,1
FL,1979-09,2
FL,1980-05,1
FL,1982-07,1
FL,1983-12,1
FL,1985-03,1
FL,1985-05,4
FL,1985-08,1
FL,1985-11,1
FL,1989-12,1
FL,1990-03,1
FL,1992-06,1
FL,1992-08,1
FL,1992-10,1
FL,1993-03,1
FL,1994-07,2
FL,1994-11,1
FL,1995-08,2
FL,1995-10,2
FL,1996-10,1
FL,1997-12,1
FL,1998-02,1
FL,1998-05,1
FL,1998-06,13
FL,1998-09,3
FL,1998-11,1
FL,1999-04,11
FL,1999-05,1
FL,1999-09,2
FL,1999-10,2
FL,2000-04,1
FL,2000-05,6
FL,2000-06,3
FL,2000-09,1
FL,2000-10,1
FL,2000-12,1
FL,2001-02,3
FL,2001-04,3
FL,2001-05,3
FL,2001-06,1
FL,2001-09,1
FL,2003-03,1
FL,2003-06,1
FL,2004-08,1
FL,2004-09,3
FL,2005-07,1
FL,2005-08,2
FL,2005-09,1
FL,2005-10,1
FL,2006-05,1
FL,2006-12,1
FL,2007-02,1
FL,2007-03,1
FL,2007-05,5
FL,2008-05,1
FL,2008-08,3
FL,2008-09,1
FL,2009-03,1
FL,2009-05,2
FL,2011-04,1
FL,2012-06,1
FL,2012-08,1
FL,2013-07,1
FL,2014-04,1
FL,2016-08,1
FL,2016-10,2
FL,2017-04,3
FL,2017-09,4
FL,2017-10,1
FL,2018-10,2
FL,2019-08,3
FL,2020-01,4
FL,2020-05,3
FL,2020-07,1
FL,2020-09,2
FL,2020-11,1
FL,2021-06,1
FL,2021-07,1
FL,2021-08,1
FL,2022-03,2
FL,2022-09,3
FL,2022-11,3
FL,2023-04,1
FL,2023-08,2
FL,2024-05,1
FL,2024-08,2
FL,2024-09,2
FL,2024-10,4
FL,2026-04,2
GA,1953-05,1
GA,1954-03,1
GA,1961-03,1
GA,1963-03,1
GA,1964-09,1
GA,1964-11,1
GA,1966-03,1
GA,1973-04,1
GA,1973-06,1
GA,1974-04,1
GA,1975-03,2
GA,1976-06,1
GA,1977-06,1
GA,1977-07,1
GA,1977-11,1
GA,1979-03,1
GA,1984-05,1
GA,1990-02,1
GA,1990-10,1
GA,1991-03,1
GA,1992-11,1
GA,1993-02,1
GA,1993-03,1
GA,1994-03,1
GA,1994-07,1
GA,1994-10,1
GA,1995-10,1
GA,1995-11,1
GA,1998-02,1
GA,1999-04,1
GA,1999-09,1
GA,2000-01,1
GA,2000-02,1
GA,2001-05,1
GA,2004-09,2
GA,2005-08,1
GA,2007-03,1
GA,2007-04,2
GA,2007-05,3
GA,2008-03,1
GA,2008-05,1
GA,2009-03,1
GA,2009-09,1
GA,2011-03,2
GA,2011-04,1
GA,2011-06,2
GA,2014-02,2
GA,2015-02,1
GA,2015-12,1
GA,2016-10,2
GA,2016-11,1
GA,2017-01,2
GA,2017-05,1
GA,2017-09,2
GA,2018-10,2
GA,2019-08,1
GA,2020-01,2
GA,2020-10,1
GA,2021-03,1
GA,2023-01,1
GA,2023-08,1
GA,2024-08,2
GA,2024-09,2
GA,2026-01,1
GA,2026-04,2
HI,1955-04,1
HI,1957-03,1
HI,1959-08,1
HI,1960-01,1
HI,1960-05,1
HI,1963-04,1
HI,1968-09,1
HI,1973-05,1
HI,1974-05,1
HI,1975-12,1
HI,1979-03,1
HI,1980-02,1
HI,1982-04,1
HI,1982-11,1
HI,1983-01,1
HI,1983-03,1
HI,1987-11,1
HI,1992-09,1
HI,1996-11,2
HI,1998-02,1
HI,1998-03,1
HI,1998-08,1
HI,2000-03,1
HI,2000-10,1
HI,2003-05,1
HI,2004-09,1
HI,2004-10,1
HI,2005-08,4
HI,2006-02,1
HI,2006-09,1
HI,2006-10,1
HI,2007-06,1
HI,2007-08,2
HI,2007-10,1
HI,2007-12,1
HI,2008-12,1
HI,2009-08,1
HI,2010-06,1
HI,2011-03,1
HI,2012-03,1
HI,2014-08,1
HI,2014-09,1
HI,2016-09,1
HI,2018-04,1
HI,2018-05,1
HI,2018-08,2
HI,2018-09,1
HI,2019-10,1
HI,2020-01,2
HI,2020-03,1
HI,2020-07,1
HI,2021-03,1
HI,2021-08,1
HI,2021-12,1
HI,2023-08,6
HI,2024-04,1
HI,2025-08,1
HI,2025-09,1
HI,2026-03,1
IA,1953-06,1
IA,1954-06,1
IA,1958-07,1
IA,1961-03,1
IA,1962-09,1
IA,1965-04,1
IA,1968-05,1
IA,1968-08,1
IA,1969-04,1
IA,1969-08,1
IA,1972-08,1
IA,1972-09,1
IA,1973-05,1
IA,1974-06,1
IA,1977-03,1
IA,1979-04,1
IA,1979-07,1
IA,1984-06,1
IA,1987-05,1
IA,1988-07,1
IA,1990-05,1
IA,1990-07,1
IA,1991-06,1
IA,1991-10,1
IA,1992-09,1
IA,1993-03,1
IA,1993-04,1
IA,1996-05,1
IA,1996-06,1
IA,1997-10,1
IA,1998-06,1
IA,1999-05,1
IA,1999-07,1
IA,2001-04,1
IA,2002-06,1
IA,2004-05,1
IA,2005-08,1
IA,2007-02,2
IA,2007-05,1
IA,2007-08,1
IA,2007-12,1
IA,2008-05,1
IA,2009-07,1
IA,2009-12,1
IA,2010-01,1
IA,2010-05,1
IA,2010-06,1
IA,2011-04,1
IA,2011-05,1
IA,2011-07,2
IA,2013-04,2
IA,2013-05,1
IA,2013-06,1
IA,2014-06,3
IA,2015-06,1
IA,2016-08,1
IA,2016-09,1
IA,2017-07,1
IA,2018-06,1
IA,2018-07,1
IA,2019-03,2
IA,2020-01,3
IA,2020-08,2
IA,2021-12,1
IA,2023-04,1
IA,2024-04,1
IA,2024-05,1
IA,2024-06,1
IA,2025-03,1
ID,1956-04,1
ID,1957-05,1
ID,1960-07,1
ID,1961-06,1
ID,1962-02,1
ID,1963-02,1
ID,1964-12,1
ID,1967-08,1
ID,1972-03,1
ID,1974-01,1
ID,1976-06,1
ID,1977-05,1
ID,1977-08,1
ID,1979-08,1
ID,1980-05,1
ID,1983-10,1
ID,1984-01,1
ID,1996-02,1
ID,1996-11,1
ID,1997-03,1
ID,2000-07,1
ID,2005-05,1
ID,2005-08,1
ID,2005-12,1
ID,2007-08,3
ID,2008-05,1
ID,2010-06,1
ID,2010-08,1
ID,2011-03,1
ID,2012-08,1
ID,2012-09,1
ID,2013-08,2
ID,2015-07,1
ID,2015-08,3
ID,2015-11,1
ID,2015-12,1
ID,2016-08,1
ID,2017-02,1
ID,2017-03,2
ID,2017-05,1
ID,2018-07,1
ID,2019-04,1
ID,2020-01,2
ID,2021-01,1
ID,2021-08,1
ID,2022-08,1
ID,2022-09,1
ID,2024-04,1
ID,2024-07,2
ID,2025-08,1
ID,2025-12,1
ID,2026-03,1
IL,1957-06,1
IL,1961-05,1
IL,1965-04,1
IL,1967-04,1
IL,1968-06,1
IL,1969-06,1
IL,1969-08,1
IL,1972-09,1
IL,1973-04,1
IL,1974-04,1
IL,1974-06,1
IL,1975-07,1
IL,1976-06,1
IL,1979-01,1
IL,1979-04,1
IL,1981-06,1
IL,1982-06,1
IL,1982-12,1
IL,1983-06,1
IL,1985-02,1
IL,1986-09,1
IL,1987-08,1
IL,1989-01,1
IL,1990-02,1
IL,1990-05,1
IL,1990-08,1
IL,1992-04,1
IL,1993-04,1
IL,1994-04,1
IL,1995-05,1
IL,1996-04,2
IL,1996-07,1
IL,1997-03,1
IL,1997-08,1
IL,1999-01,1
IL,1999-05,1
IL,2000-12,1
IL,2001-04,1
IL,2002-04,1
IL,2003-05,1
IL,2004-04,1
IL,2004-12,1
IL,2005-08,1
IL,2006-03,1
IL,2006-11,2
IL,2007-08,2
IL,2008-01,1
IL,2008-02,1
IL,2008-06,1
IL,2008-09,1
IL,2009-01,1
IL,2009-05,1
IL,2010-07,1
IL,2011-01,1
IL,2011-04,1
IL,2013-04,1
IL,2013-11,1
IL,2019-02,1
IL,2020-01,2
IL,2021-12,1
IL,2022-07,1
IL,2023-06,1
IL,2023-09,1
IL,2024-07,1
IN,1954-10,1
IN,1959-01,1
IN,1961-05,1
IN,1964-03,1
IN,1965-04,1
IN,1968-07,1
IN,1974-04,1
IN,1977-02,1
IN,1978-01,1
IN,1978-03,1
IN,1979-07,1
IN,1982-03,1
IN,1986-03,1
IN,1990-05,1
IN,1990-11,1
IN,1990-12,1
IN,1991-03,1
IN,1992-06,1
IN,1992-08,1
IN,1993-08,1
IN,1996-01,1
IN,1996-04,1
IN,1997-02,1
IN,1998-03,1
IN,1998-06,1
IN,1999-01,1
IN,2000-12,1
IN,2002-04,1
IN,2002-09,1
IN,2003-07,1
IN,2003-08,1
IN,2004-05,1
IN,2004-07,1
IN,2004-12,1
IN,2005-01,1
IN,2005-08,1
IN,2005-11,1
IN,2006-09,1
IN,2007-02,1
IN,2007-08,1
IN,2008-01,1
IN,2008-05,1
IN,2008-09,1
IN,2009-01,1
IN,2009-03,1
IN,2011-04,1
IN,2012-02,1
IN,2014-01,1
IN,2018-02,1
IN,2020-01,2
IN,2023-03,1
IN,2025-03,1
IN,2026-01,1
KS,1955-05,1
KS,1957-09,1
KS,1958-11,1
KS,1965-06,1
KS,1966-06,1
KS,1967-07,1
KS,1969-07,1
KS,1973-05,1
KS,1973-09,1
KS,1974-06,1
KS,1976-07,1
KS,1977-09,1
KS,1979-06,1
KS,1981-07,1
KS,1982-06,1
KS,1984-06,1
KS,1986-10,1
KS,1991-04,1
KS,1993-06,1
KS,1998-06,1
KS,1998-10,2
KS,1999-05,1
KS,2000-04,1
KS,2001-04,1
KS,2002-01,1
KS,2003-05,1
KS,2004-06,1
KS,2004-08,1
KS,2005-01,1
KS,2005-06,1
KS,2005-09,1
KS,2005-10,1
KS,2005-11,1
KS,2006-03,2
KS,2006-12,1
KS,2007-05,1
KS,2007-06,1
KS,2007-12,2
KS,2008-05,1
KS,2008-09,1
KS,2009-03,1
KS,2009-04,1
KS,2009-07,1
KS,2009-11,1
KS,2009-12,1
KS,2010-06,1
KS,2011-04,1
KS,2011-05,1
KS,2011-06,2
KS,2012-04,1
KS,2013-02,1
KS,2013-07,1
KS,2015-05,1
KS,2016-03,1
KS,2016-04,1
KS,2016-09,1
KS,2017-01,1
KS,2017-03,7
KS,2017-04,1
KS,2017-07,1
KS,2018-09,1
KS,2018-10,1
KS,2019-04,1
KS,2019-05,1
KS,2020-01,5
KS,2021-12,1
KS,2022-03,2
KS,2023-04,1
KS,2023-07,1
KS,2024-01,1
KS,2024-04,1
KS,2024-05,1
KS,2024-06,1
KS,2025-03,2
KS,2025-05,1
KS,2025-06,1
KS,2025-07,1
KS,2026-04,1
KY,1957-01,1
KY,1962-03,1
KY,1963-03,1
KY,1964-03,1
KY,1967-03,1
KY,1968-05,1
KY,1969-07,1
KY,1970-02,1
KY,1970-06,1
KY,1971-05,1
KY,1972-05,1
KY,1973-05,1
KY,1974-04,1
KY,1975-03,2
KY,1975-05,1
KY,1977-04,1
KY,1978-12,1
KY,1979-07,1
KY,1981-03,1
KY,1982-09,1
KY,1984-05,1
KY,1989-01,1
KY,1989-06,1
KY,1989-10,1
KY,1990-12,1
KY,1993-03,1
KY,1994-02,1
KY,1995-05,1
KY,1996-01,1
KY,1996-05,1
KY,1997-03,1
KY,1998-02,1
KY,1998-04,1
KY,1999-11,1
KY,2000-01,1
KY,2000-02,1
KY,2000-10,2
KY,2001-07,1
KY,2001-11,3
KY,2002-03,1
KY,2002-04,1
KY,2003-02,1
KY,2003-05,1
KY,2003-06,1
KY,2004-05,1
KY,2004-07,1
KY,2004-12,1
KY,2005-08,1
KY,2005-11,1
KY,2007-04,1
KY,2008-02,1
KY,2008-04,1
KY,2008-09,1
KY,2009-01,2
KY,2009-05,1
KY,2009-08,1
KY,2010-05,1
KY,2010-07,1
KY,2011-04,1
KY,2011-06,1
KY,2012-02,1
KY,2014-08,1
KY,2015-02,1
KY,2015-03,1
KY,2015-04,1
KY,2015-07,1
KY,2016-07,1
KY,2016-11,2
KY,2018-02,2
KY,2019-02,1
KY,2020-01,2
KY,2020-02,1
KY,2021-02,2
KY,2021-12,3
KY,2022-07,1
KY,2023-02,1
KY,2023-03,1
KY,2024-04,1
KY,2024-05,1
KY,2024-09,1
KY,2025-02,2
KY,2025-04,2
KY,2025-05,1
KY,2026-01,2
LA,1953-05,1
LA,1956-10,1
LA,1957-05,1
LA,1958-05,1
LA,1962-11,1
LA,1964-10,1
LA,1965-09,1
LA,1969-08,1
LA,1971-10,1
LA,1973-04,1
LA,1974-02,1
LA,1974-09,1
LA,1974-11,1
LA,1975-04,1
LA,1975-06,1
LA,1977-02,1
LA,1977-05,1
LA,1978-05,1
LA,1978-09,1
LA,1978-12,1
LA,1979-05,1
LA,1979-09,1
LA,1980-04,1
LA,1980-05,1
LA,1983-01,1
LA,1983-04,1
LA,1984-05,1
LA,1984-10,1
LA,1985-10,1
LA,1987-11,1
LA,1989-05,1
LA,1989-06,2
LA,1989-11,1
LA,1991-04,2
LA,1992-08,1
LA,1993-01,1
LA,1994-02,1
LA,1995-05,1
LA,1997-01,1
LA,1998-09,1
LA,1998-12,1
LA,1999-04,1
LA,2000-01,1
LA,2000-09,1
LA,2000-12,1
LA,2001-06,1
LA,2002-09,1
LA,2002-10,1
LA,2003-02,1
LA,2004-05,1
LA,2004-09,1
LA,2005-07,1
LA,2005-08,2
LA,2005-09,2
LA,2006-10,1
LA,2007-02,1
LA,2008-08,1
LA,2008-09,3
LA,2009-10,1
LA,2011-04,2
LA,2011-09,1
LA,2012-08,2
LA,2013-01,1
LA,2015-05,1
LA,2015-12,1
LA,2016-03,1
LA,2016-08,1
LA,2017-02,1
LA,2017-08,2
LA,2017-10,1
LA,2019-04,1
LA,2019-05,2
LA,2019-07,2
LA,2020-01,3
LA,2020-06,1
LA,2020-08,2
LA,2020-09,1
LA,2020-10,4
LA,2021-02,2
LA,2021-05,1
LA,2021-08,2
LA,2021-09,1
LA,2023-08,4
LA,2023-09,1
LA,2024-09,2
LA,2026-01,2
LA,2026-06,1
MA,1953-06,1
MA,1954-09,1
MA,1955-08,1
MA,1972-03,1
MA,1972-09,1
MA,1973-10,1
MA,1978-02,2
MA,1981-12,1
MA,1985-09,1
MA,1987-03,1
MA,1991-08,1
MA,1991-10,1
MA,1992-12,1
MA,1993-03,1
MA,1995-09,1
MA,1996-01,1
MA,1996-10,2
MA,1998-06,1
MA,1999-12,1
MA,2001-03,2
MA,2003-02,1
MA,2003-12,1
MA,2004-04,1
MA,2005-01,1
MA,2005-08,1
MA,2005-10,2
MA,2006-05,1
MA,2007-04,1
MA,2008-12,2
MA,2010-03,1
MA,2010-05,1
MA,2010-09,1
MA,2011-01,1
MA,2011-06,1
MA,2011-08,2
MA,2011-10,2
MA,2012-10,2
MA,2013-02,1
MA,2013-04,1
MA,2015-01,1
MA,2018-03,2
MA,2020-01,4
MA,2021-08,1
MA,2022-01,1
MA,2023-09,2
MA,2026-02,1
MD,1962-03,1
MD,1971-08,1
MD,1972-06,1
MD,1975-10,1
MD,1976-10,1
MD,1977-01,1
MD,1979-09,1
MD,1985-11,1
MD,1989-06,1
MD,1993-03,1
MD,1994-02,1
MD,1996-01,2
MD,1996-09,1
MD,1999-09,1
MD,2000-01,1
MD,2002-04,1
MD,2003-02,1
MD,2003-09,1
MD,2005-08,1
MD,2006-06,1
MD,2009-12,1
MD,2010-02,1
MD,2011-08,2
MD,2011-09,1
MD,2012-06,1
MD,2012-10,2
MD,2014-02,1
MD,2016-01,1
MD,2016-07,1
MD,2018-05,2
MD,2020-01,2
MD,2020-08,1
MD,2026-01,1
ME,1954-09,1
ME,1970-02,1
ME,1972-03,1
ME,1972-09,1
ME,1973-05,1
ME,1974-01,1
ME,1977-07,1
ME,1978-02,1
ME,1980-09,1
ME,1987-03,1
ME,1989-05,1
ME,1991-04,1
ME,1991-08,1
ME,1991-10,1
ME,1992-03,1
ME,1992-05,1
ME,1993-03,1
ME,1993-04,1
ME,1994-04,1
ME,1996-01,1
ME,1996-04,1
ME,1996-10,2
ME,1998-01,1
ME,1998-06,1
ME,1998-10,1
ME,1999-09,1
ME,2000-03,1
ME,2001-03,2
ME,2002-12,1
ME,2003-02,1
ME,2003-12,3
ME,2005-01,1
ME,2005-02,1
ME,2005-03,3
ME,2005-08,1
ME,2005-12,1
ME,2006-05,1
ME,2007-03,1
ME,2007-04,1
ME,2007-07,1
ME,2008-04,1
ME,2008-07,1
ME,2008-12,2
ME,2009-06,1
ME,2010-02,1
ME,2010-03,1
ME,2010-12,1
ME,2011-08,1
ME,2013-02,1
ME,2015-01,1
ME,2017-10,1
ME,2018-03,1
ME,2020-01,3
ME,2021-10,1
ME,2022-12,1
ME,2023-04,1
ME,2023-06,2
ME,2023-09,1
ME,2023-12,1
ME,2024-01,1
ME,2024-04,1
MI,1953-06,2
MI,1956-04,1
MI,1965-04,1
MI,1972-04,1
MI,1972-12,1
MI,1973-04,1
MI,1974-04,1
MI,1975-04,1
MI,1975-09,1
MI,1976-03,1
MI,1977-02,1
MI,1977-03,1
MI,1978-01,1
MI,1980-05,1
MI,1980-09,1
MI,1982-03,1
MI,1985-09,1
MI,1986-09,1
MI,1994-01,1
MI,1996-06,1
MI,1997-07,1
MI,1998-05,1
MI,1998-07,1
MI,1999-01,1
MI,1999-05,1
MI,2000-09,1
MI,2000-12,1
MI,2002-04,1
MI,2003-08,1
MI,2004-05,1
MI,2005-08,1
MI,2008-06,1
MI,2013-04,1
MI,2014-04,1
MI,2014-08,1
MI,2017-06,1
MI,2018-06,1
MI,2020-01,2
MI,2020-05,2
MI,2021-06,1
MI,2023-08,1
MI,2025-03,1
MI,2026-04,1
MN,1957-06,1
MN,1965-04,1
MN,1966-03,1
MN,1968-08,1
MN,1968-09,1
MN,1969-04,1
MN,1969-08,1
MN,1970-07,1
MN,1972-08,2
MN,1974-06,1
MN,1974-07,1
MN,1975-07,2
MN,1976-06,1
MN,1976-09,6
MN,1976-10,1
MN,1978-04,1
MN,1978-07,1
MN,1979-04,1
MN,1987-07,1
MN,1989-03,1
MN,1991-10,1
MN,1992-06,1
MN,1993-05,1
MN,1995-07,1
MN,1995-10,1
MN,1996-03,1
MN,1996-11,1
MN,1997-01,1
MN,1997-03,1
MN,1997-06,1
MN,1998-03,1
MN,1998-05,1
MN,1999-03,1
MN,1999-07,1
MN,2000-05,1
MN,2000-10,1
MN,2001-03,1
MN,2002-05,1
MN,2002-06,1
MN,2004-09,1
MN,2005-08,1
MN,2005-11,1
MN,2006-03,1
MN,2007-08,2
MN,2008-06,1
MN,2009-03,2
MN,2010-03,2
MN,2010-06,1
MN,2010-09,1
MN,2011-03,1
MN,2011-05,1
MN,2011-07,1
MN,2012-06,1
MN,2013-04,1
MN,2013-06,1
MN,2014-06,1
MN,2016-09,1
MN,2018-06,1
MN,2018-10,1
MN,2019-03,1
MN,2020-01,4
MN,2022-04,1
MN,2022-05,2
MN,2023-04,1
MN,2024-06,1
MN,2025-05,1
MN,2025-06,1
MO,1957-05,1
MO,1960-04,1
MO,1961-05,1
MO,1964-07,1
MO,1965-06,1
MO,1965-07,1
MO,1973-04,1
MO,1973-11,1
MO,1974-06,1
MO,1975-05,1
MO,1976-07,1
MO,1976-09,1
MO,1977-05,1
MO,1977-09,1
MO,1979-03,1
MO,1979-04,1
MO,1980-05,1
MO,1982-08,1
MO,1982-12,1
MO,1984-06,1
MO,1986-09,1
MO,1990-05,1
MO,1993-04,1
MO,1993-06,1
MO,1993-11,1
MO,1994-04,1
MO,1995-05,1
MO,1998-07,1
MO,1998-10,1
MO,1999-04,1
MO,2000-03,1
MO,2000-05,1
MO,2002-01,1
MO,2002-04,1
MO,2003-05,1
MO,2004-05,1
MO,2005-08,1
MO,2006-03,2
MO,2006-07,2
MO,2006-11,1
MO,2007-01,1
MO,2007-05,1
MO,2007-08,1
MO,2007-12,2
MO,2008-01,1
MO,2008-02,1
MO,2008-03,1
MO,2008-05,1
MO,2008-06,1
MO,2008-09,1
MO,2009-01,2
MO,2009-05,1
MO,2010-06,1
MO,2011-01,2
MO,2011-04,1
MO,2011-06,2
MO,2013-05,1
MO,2013-08,1
MO,2014-09,1
MO,2015-05,1
MO,2015-12,2
MO,2017-04,1
MO,2019-03,1
MO,2019-04,1
MO,2020-01,2
MO,2020-05,1
MO,2021-06,1
MO,2021-12,1
MO,2022-07,1
MO,2023-07,1
MO,2024-05,1
MO,2024-11,1
MO,2025-03,2
MO,2025-04,1
MO,2025-05,2
MO,2026-04,1
MS,1953-12,1
MS,1961-02,1
MS,1962-10,1
MS,1965-09,1
MS,1969-08,1
MS,1971-02,1
MS,1972-01,1
MS,1973-03,1
MS,1974-04,1
MS,1975-01,2
MS,1975-04,1
MS,1976-04,1
MS,1977-02,1
MS,1978-04,1
MS,1979-04,2
MS,1979-09,1
MS,1980-04,1
MS,1982-04,1
MS,1983-04,1
MS,1983-06,1
MS,1983-12,1
MS,1984-03,1
MS,1985-08,1
MS,1987-02,1
MS,1990-01,1
MS,1990-12,1
MS,1991-02,1
MS,1991-04,1
MS,1992-03,1
MS,1992-10,1
MS,1992-11,1
MS,1994-02,1
MS,1995-05,1
MS,1997-02,1
MS,1998-09,2
MS,1998-12,1
MS,2001-02,1
MS,2001-04,1
MS,2001-06,1
MS,2001-11,1
MS,2002-09,1
MS,2002-11,1
MS,2003-04,1
MS,2003-05,1
MS,2004-09,1
MS,2005-07,1
MS,2005-08,2
MS,2008-03,1
MS,2008-04,1
MS,2008-08,2
MS,2009-03,1
MS,2010-04,1
MS,2010-05,1
MS,2011-04,2
MS,2011-05,1
MS,2012-08,2
MS,2013-02,1
MS,2014-04,1
MS,2014-12,1
MS,2015-12,1
MS,2016-03,1
MS,2017-01,1
MS,2017-04,1
MS,2017-10,2
MS,2018-12,1
MS,2019-02,1
MS,2019-04,1
MS,2019-10,1
MS,2020-01,3
MS,2020-02,1
MS,2020-04,2
MS,2020-08,1
MS,2020-09,1
MS,2020-10,3
MS,2021-02,1
MS,2021-08,2
MS,2022-08,1
MS,2023-03,1
MS,2023-06,1
MS,2024-04,1
MS,2025-03,1
MS,2026-01,2
MS,2026-05,1
MT,1953-06,1
MT,1964-06,1
MT,1964-12,1
MT,1973-08,3
MT,1974-01,1
MT,1975-06,1
MT,1977-07,1
MT,1977-08,1
MT,1978-05,1
MT,1979-08,1
MT,1981-05,1
MT,1984-08,3
MT,1986-02,1
MT,1986-09,1
MT,1994-08,2
MT,1996-02,1
MT,1996-03,1
MT,1996-09,1
MT,1997-03,1
MT,1999-07,1
MT,2000-07,2
MT,2000-08,5
MT,2000-10,1
MT,2001-04,1
MT,2001-06,1
MT,2002-06,1
MT,2003-07,3
MT,2003-08,5
MT,2005-08,1
MT,2006-07,1
MT,2006-08,2
MT,2007-08,3
MT,2007-09,1
MT,2008-05,1
MT,2009-09,1
MT,2010-06,1
MT,2011-04,1
MT,2011-08,1
MT,2012-06,4
MT,2012-08,1
MT,2012-09,1
MT,2013-05,1
MT,2013-07,1
MT,2013-08,1
MT,2014-03,1
MT,2014-08,1
MT,2016-04,1
MT,2016-06,1
MT,2016-08,1
MT,2017-07,1
MT,2017-08,2
MT,2017-09,5
MT,2018-04,1
MT,2018-05,1
MT,2019-03,1
MT,2019-07,1
MT,2020-01,3
MT,2020-08,1
MT,2020-09,4
MT,2021-06,2
MT,2021-07,2
MT,2021-08,2
MT,2022-06,1
MT,2023-04,1
MT,2023-06,1
MT,2023-08,1
MT,2024-05,1
MT,2024-07,2
MT,2024-08,1
MT,2025-05,1
MT,2025-08,1
MT,2025-12,5
NC,1954-10,1
NC,1955-08,1
NC,1956-04,1
NC,1958-10,1
NC,1960-09,1
NC,1962-03,1
NC,1964-10,1
NC,1968-02,1
NC,1973-06,1
NC,1974-04,1
NC,1977-03,1
NC,1977-08,1
NC,1977-11,1
NC,1979-09,1
NC,1984-03,1
NC,1984-09,1
NC,1986-05,1
NC,1988-11,1
NC,1989-05,1
NC,1989-09,1
NC,1993-03,1
NC,1993-08,1
NC,1995-10,1
NC,1996-01,1
NC,1996-02,1
NC,1996-07,1
NC,1996-09,1
NC,1998-01,1
NC,1998-03,1
NC,1998-08,1
NC,1999-08,2
NC,1999-09,2
NC,2000-01,1
NC,2002-12,1
NC,2003-02,1
NC,2003-09,1
NC,2004-09,2
NC,2005-08,1
NC,2005-09,2
NC,2008-06,1
NC,2008-09,1
NC,2009-12,1
NC,2010-09,2
NC,2011-04,1
NC,2011-07,1
NC,2011-08,2
NC,2013-01,1
NC,2013-07,2
NC,2014-03,1
NC,2016-10,2
NC,2016-11,2
NC,2018-04,1
NC,2018-09,2
NC,2018-10,1
NC,2019-09,2
NC,2020-01,2
NC,2020-02,1
NC,2020-07,2
NC,2020-11,1
NC,2021-08,1
NC,2022-09,1
NC,2024-08,1
NC,2024-09,3
NC,2025-03,3
NC,2025-04,1
NC,2025-05,1
NC,2025-07,1
NC,2026-01,1
ND,1957-06,1
ND,1965-05,1
ND,1966-03,1
ND,1966-07,1
ND,1969-04,1
ND,1970-06,1
ND,1972-06,1
ND,1974-05,1
ND,1975-05,1
ND,1975-07,1
ND,1976-04,2
ND,1976-07,1
ND,1978-02,1
ND,1978-04,1
ND,1978-07,1
ND,1979-04,1
ND,1982-05,1
ND,1989-03,1
ND,1993-06,1
ND,1994-03,1
ND,1995-03,1
ND,1996-03,1
ND,1997-01,1
ND,1997-02,1
ND,1998-03,1
ND,1999-03,1
ND,2000-04,1
ND,2000-11,1
ND,2001-03,1
ND,2002-06,2
ND,2003-06,1
ND,2004-01,1
ND,2004-03,1
ND,2005-06,1
ND,2005-08,1
ND,2005-10,1
ND,2005-11,1
ND,2006-03,1
ND,2007-06,1
ND,2007-07,1
ND,2007-08,1
ND,2009-03,1
ND,2010-01,1
ND,2010-02,2
ND,2010-04,1
ND,2011-02,1
ND,2011-04,2
ND,2013-04,2
ND,2013-05,2
ND,2013-10,1
ND,2014-06,1
ND,2017-03,1
ND,2019-03,1
ND,2019-10,1
ND,2020-01,3
ND,2020-04,1
ND,2020-06,1
ND,2021-06,1
ND,2022-04,1
ND,2022-11,1
ND,2023-04,1
ND,2023-12,1
ND,2024-10,3
ND,2025-06,1
ND,2025-08,1
NE,1960-04,1
NE,1962-05,1
NE,1962-09,1
NE,1963-07,1
NE,1964-07,1
NE,1966-08,1
NE,1967-07,1
NE,1971-02,1
NE,1971-07,1
NE,1973-10,1
NE,1975-05,1
NE,1976-04,1
NE,1977-01,1
NE,1978-03,1
NE,1980-06,1
NE,1984-04,1
NE,1984-06,1
NE,1990-06,1
NE,1991-05,1
NE,1992-07,1
NE,1993-03,1
NE,1993-06,1
NE,1994-04,1
NE,1996-05,1
NE,1997-10,1
NE,1999-08,1
NE,2001-04,1
NE,2001-08,1
NE,2003-06,1
NE,2004-05,1
NE,2005-05,1
NE,2005-08,1
NE,2005-11,1
NE,2006-07,3
NE,2006-12,1
NE,2007-05,2
NE,2007-06,1
NE,2007-12,1
NE,2008-04,1
NE,2008-05,1
NE,2008-06,1
NE,2009-06,1
NE,2009-11,1
NE,2009-12,1
NE,2010-03,1
NE,2010-06,1
NE,2010-09,1
NE,2011-04,1
NE,2011-05,1
NE,2011-06,2
NE,2012-08,1
NE,2013-10,1
NE,2014-05,1
NE,2014-06,2
NE,2015-05,1
NE,2017-04,1
NE,2017-06,1
NE,2018-04,1
NE,2018-06,1
NE,2019-03,2
NE,2020-01,6
NE,2021-07,1
NE,2021-12,1
NE,2022-04,1
NE,2022-05,1
NE,2023-04,1
NE,2024-04,2
NE,2024-05,1
NE,2024-06,1
NE,2024-07,1
NE,2025-03,1
NE,2025-08,1
NE,2026-03,2
NE,2026-06,1
NH,1953-07,1
NH,1972-03,1
NH,1973-07,1
NH,1974-01,1
NH,1978-02,1
NH,1979-03,1
NH,1986-07,1
NH,1987-03,1
NH,1990-08,1
NH,1991-08,1
NH,1991-10,1
NH,1993-03,1
NH,1995-10,1
NH,1996-10,1
NH,1998-01,1
NH,1998-06,1
NH,1999-09,1
NH,2001-03,1
NH,2003-02,1
NH,2003-07,1
NH,2003-12,1
NH,2005-01,1
NH,2005-02,1
NH,2005-03,1
NH,2005-08,1
NH,2005-10,1
NH,2006-05,1
NH,2007-04,1
NH,2008-07,2
NH,2008-09,1
NH,2008-12,2
NH,2010-02,1
NH,2010-03,1
NH,2011-05,1
NH,2011-08,2
NH,2011-10,2
NH,2012-05,1
NH,2012-10,2
NH,2013-02,1
NH,2013-06,1
NH,2015-01,1
NH,2016-04,1
NH,2017-03,1
NH,2017-07,1
NH,2017-10,1
NH,2018-03,2
NH,2019-07,1
NH,2020-01,2
NH,2021-07,2
NH,2022-12,1
NH,2023-07,1
NH,2023-12,1
NH,2024-01,1
NH,2024-04,1
NH,2024-07,1
NJ,1955-08,1
NJ,1962-03,1
NJ,1965-08,1
NJ,1968-06,1
NJ,1971-09,1
NJ,1973-08,1
NJ,1974-12,1
NJ,1975-07,1
NJ,1976-08,1
NJ,1977-02,1
NJ,1980-10,1
NJ,1984-03,1
NJ,1985-09,1
NJ,1992-01,1
NJ,1992-12,1
NJ,1993-03,1
NJ,1996-01,1
NJ,1996-10,1
NJ,1997-08,1
NJ,1998-02,1
NJ,1999-09,2
NJ,2000-05,1
NJ,2000-08,1
NJ,2001-09,1
NJ,2002-06,1
NJ,2003-02,1
NJ,2003-08,1
NJ,2004-07,1
NJ,2004-09,1
NJ,2005-04,1
NJ,2005-08,1
NJ,2006-06,1
NJ,2007-04,1
NJ,2007-05,1
NJ,2009-11,1
NJ,2009-12,1
NJ,2010-02,1
NJ,2010-03,1
NJ,2010-12,1
NJ,2011-08,3
NJ,2011-09,1
NJ,2011-10,1
NJ,2012-06,1
NJ,2012-10,2
NJ,2015-06,1
NJ,2016-01,1
NJ,2018-03,1
NJ,2020-01,2
NJ,2020-08,1
NJ,2021-01,1
NJ,2021-09,2
NJ,2023-07,1
NJ,2025-04,1
NM,1954-10,1
NM,1955-08,1
NM,1965-07,1
NM,1972-08,1
NM,1972-09,1
NM,1972-11,1
NM,1973-05,1
NM,1974-05,1
NM,1977-03,1
NM,1977-06,1
NM,1979-01,1
NM,1979-06,1
NM,1983-09,1
NM,1984-08,1
NM,1985-01,1
NM,1992-05,1
NM,1993-01,1
NM,1996-05,1
NM,1997-12,1
NM,1998-06,2
NM,1999-07,1
NM,2000-04,1
NM,2000-05,5
NM,2000-06,1
NM,2001-06,1
NM,2002-03,1
NM,2002-04,1
NM,2002-05,2
NM,2002-06,4
NM,2002-08,1
NM,2003-05,1
NM,2003-06,1
NM,2004-04,1
NM,2004-05,1
NM,2004-06,1
NM,2005-08,1
NM,2006-01,1
NM,2006-03,1
NM,2006-04,1
NM,2006-06,2
NM,2006-07,1
NM,2007-02,1
NM,2007-03,1
NM,2007-11,1
NM,2008-04,1
NM,2008-06,1
NM,2008-07,1
NM,2009-05,1
NM,2010-05,1
NM,2010-06,1
NM,2010-07,1
NM,2011-02,1
NM,2011-03,1
NM,2011-04,2
NM,2011-06,5
NM,2011-08,1
NM,2012-05,1
NM,2012-06,4
NM,2013-05,1
NM,2013-07,2
NM,2013-09,2
NM,2014-07,1
NM,2014-09,1
NM,2016-06,1
NM,2016-07,1
NM,2017-06,1
NM,2017-10,1
NM,2018-05,1
NM,2018-06,1
NM,2019-03,1
NM,2020-01,13
NM,2021-04,1
NM,2022-04,7
NM,2023-04,1
NM,2023-05,1
NM,2024-05,1
NM,2024-06,4
NM,2024-10,1
NM,2025-04,1
NM,2025-06,5
NM,2025-09,1
NV,1954-07,1
NV,1955-06,1
NV,1955-12,1
NV,1956-08,1
NV,1962-02,1
NV,1963-02,1
NV,1965-01,1
NV,1969-04,1
NV,1977-06,1
NV,1979-06,1
NV,1981-08,2
NV,1983-07,1
NV,1984-09,1
NV,1986-02,1
NV,1994-08,1
NV,1996-06,1
NV,1996-08,3
NV,1996-12,1
NV,1999-06,1
NV,1999-07,2
NV,1999-08,4
NV,2000-06,1
NV,2000-08,1
NV,2001-07,1
NV,2001-08,1
NV,2002-06,1
NV,2002-07,3
NV,2003-06,1
NV,2003-07,2
NV,2003-09,1
NV,2004-06,1
NV,2004-07,3
NV,2004-08,1
NV,2004-12,1
NV,2005-01,2
NV,2005-06,1
NV,2005-07,2
NV,2005-08,3
NV,2005-12,1
NV,2006-06,3
NV,2006-08,2
NV,2006-11,1
NV,2007-07,5
NV,2008-01,1
NV,2009-07,1
NV,2010-07,1
NV,2011-09,1
NV,2011-10,1
NV,2011-11,1
NV,2012-01,1
NV,2012-05,1
NV,2013-07,1
NV,2014-09,1
NV,2016-07,2
NV,2016-10,2
NV,2017-01,1
NV,2017-02,1
NV,2017-07,3
NV,2018-06,1
NV,2019-07,1
NV,2019-08,2
NV,2020-01,2
NV,2020-06,1
NV,2020-07,2
NV,2020-08,2
NV,2020-11,1
NV,2021-06,1
NV,2021-07,1
NV,2022-08,1
NV,2023-03,1
NV,2024-06,2
NV,2024-07,1
NV,2024-08,1
NV,2024-09,1
NV,2024-11,1
NV,2025-06,2
NV,2025-08,1
NY,1954-10,1
NY,1955-08,1
NY,1956-03,1
NY,1962-03,1
NY,1963-08,1
NY,1965-08,1
NY,1967-10,1
NY,1969-08,1
NY,1970-07,1
NY,1971-09,1
NY,1972-06,1
NY,1973-03,1
NY,1973-07,1
NY,1974-07,1
NY,1974-11,1
NY,1975-10,1
NY,1976-03,1
NY,1976-06,1
NY,1976-07,1
NY,1976-09,1
NY,1977-01,1
NY,1977-02,1
NY,1978-08,1
NY,1980-05,1
NY,1984-03,1
NY,1984-09,1
NY,1985-03,2
NY,1985-09,1
NY,1987-04,1
NY,1987-10,1
NY,1990-03,1
NY,1991-08,1
NY,1992-12,1
NY,1993-02,1
NY,1993-03,1
NY,1995-08,1
NY,1996-01,2
NY,1996-10,1
NY,1996-11,1
NY,1998-01,1
NY,1998-05,1
NY,1998-06,1
NY,1998-09,1
NY,1999-01,1
NY,1999-03,1
NY,1999-08,1
NY,1999-09,2
NY,2000-05,2
NY,2000-11,1
NY,2001-09,1
NY,2001-12,2
NY,2002-04,1
NY,2002-12,1
NY,2003-02,1
NY,2003-04,1
NY,2003-07,1
NY,2003-08,1
NY,2004-01,1
NY,2004-05,1
NY,2004-08,1
NY,2004-09,1
NY,2005-04,1
NY,2005-08,1
NY,2006-06,1
NY,2006-10,2
NY,2006-11,1
NY,2007-02,1
NY,2007-04,1
NY,2007-06,1
NY,2007-08,1
NY,2008-12,2
NY,2009-08,1
NY,2009-11,1
NY,2010-03,1
NY,2010-09,1
NY,2010-12,1
NY,2011-04,1
NY,2011-08,2
NY,2011-09,2
NY,2012-10,2
NY,2013-02,1
NY,2013-06,1
NY,2014-05,1
NY,2014-11,1
NY,2017-03,1
NY,2017-05,1
NY,2018-08,1
NY,2019-10,1
NY,2020-01,4
NY,2020-08,1
NY,2021-08,2
NY,2021-09,2
NY,2022-11,1
NY,2022-12,2
NY,2023-07,1
NY,2023-09,1
NY,2024-07,1
NY,2024-08,4
NY,2024-11,1
OH,1956-05,1
OH,1959-01,1
OH,1964-03,1
OH,1965-04,1
OH,1968-05,1
OH,1968-06,1
OH,1969-07,1
OH,1972-07,1
OH,1972-11,1
OH,1973-04,1
OH,1973-06,1
OH,1974-04,1
OH,1974-05,1
OH,1974-07,1
OH,1975-09,1
OH,1977-02,1
OH,1978-01,1
OH,1980-08,1
OH,1981-06,1
OH,1982-03,1
OH,1985-05,1
OH,1987-07,1
OH,1989-05,1
OH,1990-05,1
OH,1992-07,1
OH,1995-08,1
OH,1996-01,1
OH,1996-05,1
OH,1997-02,1
OH,1998-06,1
OH,2000-02,1
OH,2000-07,1
OH,2000-09,1
OH,2001-07,1
OH,2002-11,1
OH,2003-02,1
OH,2003-07,2
OH,2003-08,1
OH,2004-01,1
OH,2004-05,1
OH,2004-08,1
OH,2004-12,2
OH,2005-08,1
OH,2006-06,1
OH,2006-07,1
OH,2007-08,1
OH,2008-03,1
OH,2008-09,1
OH,2011-04,1
OH,2012-06,2
OH,2012-10,1
OH,2018-02,1
OH,2019-02,1
OH,2019-05,1
OH,2020-01,2
OH,2024-03,1
OK,1955-06,1
OK,1956-04,1
OK,1957-05,1
OK,1959-07,1
OK,1959-11,1
OK,1960-07,1
OK,1968-05,1
OK,1970-10,1
OK,1971-04,1
OK,1971-09,1
OK,1972-01,1
OK,1973-06,1
OK,1973-10,1
OK,1973-12,1
OK,1974-03,1
OK,1974-06,1
OK,1974-11,1
OK,1975-07,1
OK,1975-12,1
OK,1976-04,1
OK,1976-06,1
OK,1977-01,1
OK,1979-04,1
OK,1981-11,1
OK,1982-06,1
OK,1983-06,1
OK,1983-10,1
OK,1984-04,1
OK,1984-05,1
OK,1986-09,1
OK,1987-05,1
OK,1990-04,1
OK,1991-04,1
OK,1993-04,1
OK,1993-05,1
OK,1994-04,1
OK,1995-04,2
OK,1995-05,1
OK,1995-07,1
OK,1996-02,4
OK,1996-03,3
OK,1996-04,1
OK,1998-07,1
OK,1998-09,2
OK,1999-05,1
OK,2000-09,3
OK,2000-10,1
OK,2000-12,2
OK,2001-05,1
OK,2001-10,1
OK,2002-01,1
OK,2002-12,1
OK,2003-05,1
OK,2003-07,1
OK,2005-08,1
OK,2005-11,5
OK,2005-12,3
OK,2006-01,19
OK,2006-03,1
OK,2006-04,3
OK,2006-12,1
OK,2007-01,2
OK,2007-05,2
OK,2007-06,1
OK,2007-08,1
OK,2007-12,2
OK,2008-02,1
OK,2008-03,2
OK,2008-04,1
OK,2008-05,1
OK,2008-06,2
OK,2008-09,1
OK,2009-01,1
OK,2009-02,1
OK,2009-03,2
OK,2009-04,6
OK,2009-12,1
OK,2010-01,2
OK,2010-05,1
OK,2010-06,1
OK,2011-01,2
OK,2011-03,5
OK,2011-04,6
OK,2011-05,1
OK,2011-06,1
OK,2011-07,3
OK,2011-08,11
OK,2011-09,1
OK,2012-04,1
OK,2012-07,1
OK,2012-08,7
OK,2013-02,1
OK,2013-05,1
OK,2013-12,1
OK,2014-05,1
OK,2015-05,1
OK,2015-11,2
OK,2015-12,1
OK,2016-01,1
OK,2016-02,1
OK,2016-04,1
OK,2016-06,1
OK,2017-01,1
OK,2017-02,2
OK,2017-03,1
OK,2017-04,1
OK,2017-05,1
OK,2018-03,1
OK,2018-04,3
OK,2019-04,1
OK,2019-05,3
OK,2019-11,2
OK,2020-01,17
OK,2020-03,1
OK,2020-10,1
OK,2021-02,2
OK,2021-12,1
OK,2022-05,2
OK,2022-12,1
OK,2023-03,3
OK,2023-04,1
OK,2023-06,1
OK,2024-02,1
OK,2024-03,1
OK,2024-04,2
OK,2024-05,1
OK,2024-10,2
OK,2024-11,1
OK,2025-03,15
OK,2025-12,1
OK,2026-02,5
OK,2026-03,4
OR,1955-12,1
OR,1956-07,1
OR,1957-03,1
OR,1962-10,1
OR,1963-02,1
OR,1964-12,1
OR,1971-02,1
OR,1972-01,1
OR,1973-08,3
OR,1973-09,2
OR,1974-01,1
OR,1977-04,1
OR,1978-08,1
OR,1979-07,2
OR,1979-08,1
OR,1981-07,1
OR,1981-09,1
OR,1984-08,1
OR,1987-07,1
OR,1987-08,3
OR,1987-10,1
OR,1988-08,1
OR,1990-01,1
OR,1990-08,1
OR,1992-06,2
OR,1992-08,2
OR,1993-03,1
OR,1993-09,1
OR,1994-05,1
OR,1994-08,1
OR,1995-07,1
OR,1996-02,1
OR,1996-08,2
OR,1996-11,1
OR,1996-12,2
OR,1998-05,1
OR,2001-08,2
OR,2002-02,1
OR,2002-07,8
OR,2003-08,1
OR,2003-09,2
OR,2003-12,1
OR,2004-08,2
OR,2005-08,2
OR,2005-12,1
OR,2006-07,2
OR,2006-11,1
OR,2006-12,1
OR,2007-07,1
OR,2007-09,1
OR,2007-12,1
OR,2008-09,1
OR,2008-12,1
OR,2009-08,1
OR,2009-09,1
OR,2011-01,1
OR,2011-03,1
OR,2012-01,1
OR,2013-07,3
OR,2013-08,1
OR,2014-02,1
OR,2014-06,1
OR,2014-07,2
OR,2014-08,1
OR,2014-09,1
OR,2015-07,1
OR,2015-08,4
OR,2015-09,1
OR,2015-12,1
OR,2016-06,1
OR,2016-08,1
OR,2016-12,1
OR,2017-01,1
OR,2017-08,3
OR,2017-09,1
OR,2018-06,1
OR,2018-07,2
OR,2018-08,2
OR,2018-09,1
OR,2019-02,1
OR,2019-04,1
OR,2019-07,1
OR,2020-01,2
OR,2020-02,1
OR,2020-08,2
OR,2020-09,16
OR,2021-02,1
OR,2021-06,1
OR,2021-07,1
OR,2021-08,1
OR,2022-08,1
OR,2022-09,2
OR,2023-06,1
OR,2023-07,1
OR,2023-08,1
OR,2024-01,1
OR,2024-06,1
OR,2024-07,7
OR,2024-08,3
OR,2024-09,2
OR,2025-03,1
OR,2025-06,3
OR,2025-07,1
OR,2025-08,1
OR,2025-12,1
PA,1955-08,1
PA,1956-03,1
PA,1956-05,1
PA,1956-08,1
PA,1959-01,1
PA,1965-08,1
PA,1969-08,1
PA,1971-09,1
PA,1972-06,1
PA,1972-09,1
PA,1973-07,1
PA,1975-09,1
PA,1976-07,1
PA,1976-10,1
PA,1977-01,1
PA,1977-07,1
PA,1980-06,1
PA,1980-08,1
PA,1981-06,1
PA,1984-08,1
PA,1985-05,1
PA,1985-09,1
PA,1985-11,1
PA,1986-05,1
PA,1993-03,1
PA,1994-01,1
PA,1996-01,2
PA,1996-06,1
PA,1996-07,1
PA,1996-09,1
PA,1996-11,1
PA,1998-05,1
PA,1999-08,1
PA,1999-09,2
PA,2001-06,1
PA,2003-02,1
PA,2003-07,1
PA,2003-09,1
PA,2004-07,1
PA,2004-09,2
PA,2005-04,1
PA,2005-08,1
PA,2006-06,1
PA,2006-11,1
PA,2010-02,1
PA,2011-04,1
PA,2011-08,2
PA,2011-09,2
PA,2012-10,2
PA,2013-06,1
PA,2014-02,1
PA,2016-01,1
PA,2016-10,1
PA,2018-08,1
PA,2020-01,2
PA,2021-08,1
PA,2024-08,1
RI,1954-09,1
RI,1955-08,1
RI,1978-02,2
RI,1985-09,1
RI,1991-08,1
RI,1992-08,1
RI,1993-03,1
RI,1996-01,1
RI,1996-11,1
RI,2003-02,1
RI,2005-01,1
RI,2005-08,1
RI,2007-04,1
RI,2010-03,2
RI,2011-08,2
RI,2012-10,2
RI,2013-02,1
RI,2015-01,1
RI,2020-01,3
RI,2021-08,1
RI,2022-01,1
RI,2023-04,1
RI,2023-09,1
RI,2023-12,1
RI,2024-01,1
SC,1954-10,1
SC,1955-08,1
SC,1977-08,1
SC,1984-03,1
SC,1989-09,1
SC,1990-10,1
SC,1996-09,1
SC,1998-08,1
SC,1999-09,2
SC,2000-01,1
SC,2001-11,1
SC,2002-06,1
SC,2002-12,1
SC,2004-01,1
SC,2004-08,2
SC,2004-09,1
SC,2005-08,1
SC,2005-12,1
SC,2009-04,1
SC,2014-02,2
SC,2015-10,2
SC,2016-10,2
SC,2016-11,1
SC,2017-09,2
SC,2018-09,2
SC,2019-08,2
SC,2020-01,2
SC,2020-02,1
SC,2020-04,1
SC,2022-09,2
SC,2023-08,1
SC,2024-08,2
SC,2024-09,2
SC,2024-11,1
SC,2025-03,3
SC,2026-01,2
SD,1954-07,1
SD,1960-04,1
SD,1962-07,1
SD,1965-05,1
SD,1969-04,1
SD,1972-06,1
SD,1974-07,1
SD,1975-07,1
SD,1976-06,2
SD,1984-06,1
SD,1985-07,2
SD,1986-03,1
SD,1987-07,1
SD,1988-07,1
SD,1988-09,1
SD,1992-06,1
SD,1993-05,1
SD,1994-03,1
SD,1994-08,1
SD,1995-01,1
SD,1995-03,1
SD,1995-10,1
SD,1996-11,1
SD,1997-01,1
SD,1997-02,1
SD,1998-04,1
SD,1999-06,1
SD,2000-04,1
SD,2000-08,2
SD,2001-03,1
SD,2001-07,1
SD,2002-06,1
SD,2002-08,1
SD,2003-11,1
SD,2004-05,1
SD,2005-04,1
SD,2005-06,1
SD,2005-07,2
SD,2005-09,1
SD,2005-11,1
SD,2006-04,1
SD,2006-07,1
SD,2007-05,1
SD,2007-07,2
SD,2008-05,1
SD,2008-06,1
SD,2008-11,1
SD,2009-03,1
SD,2009-12,1
SD,2010-01,1
SD,2010-03,1
SD,2010-04,1
SD,2010-06,1
SD,2010-07,1
SD,2010-09,1
SD,2011-03,1
SD,2012-07,1
SD,2012-08,1
SD,2013-04,1
SD,2013-05,1
SD,2013-06,1
SD,2013-10,1
SD,2014-06,1
SD,2015-05,1
SD,2015-06,1
SD,2016-12,1
SD,2017-12,1
SD,2018-08,1
SD,2019-03,2
SD,2019-05,1
SD,2019-06,1
SD,2019-09,1
SD,2020-01,5
SD,2021-03,1
SD,2021-10,1
SD,2022-05,1
SD,2022-06,1
SD,2022-12,3
SD,2023-04,1
SD,2024-06,1
SD,2024-07,1
SD,2025-06,1
SD,2025-12,1
SD,2026-03,1
TN,1963-03,1
TN,1969-07,1
TN,1971-05,1
TN,1972-05,1
TN,1973-03,1
TN,1973-05,1
TN,1973-06,1
TN,1974-04,1
TN,1975-03,1
TN,1977-04,1
TN,1977-11,1
TN,1979-05,1
TN,1982-08,1
TN,1982-09,1
TN,1984-05,1
TN,1990-02,1
TN,1990-12,1
TN,1991-05,1
TN,1993-03,1
TN,1994-02,1
TN,1994-03,1
TN,1995-05,1
TN,1997-02,1
TN,1997-03,1
TN,1998-01,1
TN,1998-04,1
TN,1998-07,1
TN,1998-12,1
TN,1999-01,1
TN,1999-04,1
TN,1999-05,1
TN,2000-05,1
TN,2000-10,2
TN,2000-11,1
TN,2001-07,1
TN,2001-11,2
TN,2002-01,1
TN,2002-11,1
TN,2003-02,1
TN,2003-05,1
TN,2003-07,1
TN,2004-09,1
TN,2005-08,1
TN,2006-04,1
TN,2008-02,1
TN,2009-01,1
TN,2009-04,1
TN,2009-06,1
TN,2009-07,1
TN,2010-04,1
TN,2010-08,1
TN,2011-02,1
TN,2011-04,4
TN,2011-06,1
TN,2012-02,1
TN,2014-03,1
TN,2014-06,1
TN,2015-02,1
TN,2016-11,5
TN,2017-05,1
TN,2019-02,1
TN,2019-10,1
TN,2020-01,2
TN,2020-03,1
TN,2020-04,1
TN,2020-05,1
TN,2020-12,1
TN,2021-02,1
TN,2021-03,1
TN,2021-08,1
TN,2021-12,2
TN,2022-02,1
TN,2022-12,1
TN,2023-03,2
TN,2023-06,1
TN,2023-07,1
TN,2023-08,1
TN,2023-12,1
TN,2024-05,1
TN,2024-09,2
TN,2025-04,2
TN,2026-01,2
TX,1953-05,1
TX,1953-06,1
TX,1954-07,1
TX,1957-04,1
TX,1958-06,1
TX,1959-07,1
TX,1960-07,1
TX,1961-09,1
TX,1963-09,1
TX,1965-06,1
TX,1966-05,1
TX,1966-09,1
TX,1967-09,1
TX,1968-06,1
TX,1968-07,1
TX,1970-05,1
TX,1970-08,1
TX,1971-09,1
TX,1972-01,1
TX,1972-05,1
TX,1973-03,1
TX,1973-06,1
TX,1973-07,1
TX,1974-11,1
TX,1975-02,1
TX,1975-04,1
TX,1976-06,1
TX,1978-08,1
TX,1979-04,2
TX,1979-06,1
TX,1979-07,1
TX,1979-09,1
TX,1980-08,1
TX,1980-09,1
TX,1981-09,1
TX,1981-10,1
TX,1982-04,1
TX,1982-05,1
TX,1983-08,1
TX,1983-12,1
TX,1984-09,1
TX,1984-10,1
TX,1986-04,1
TX,1986-05,1
TX,1987-05,1
TX,1987-11,1
TX,1988-03,1
TX,1988-09,1
TX,1989-03,1
TX,1989-05,1
TX,1989-06,1
TX,1989-12,1
TX,1990-04,1
TX,1991-04,1
TX,1991-12,1
TX,1992-03,1
TX,1992-05,1
TX,1992-06,1
TX,1992-11,1
TX,1993-04,1
TX,1993-05,1
TX,1993-08,2
TX,1994-04,1
TX,1994-07,1
TX,1994-10,1
TX,1995-05,1
TX,1996-02,4
TX,1996-03,38
TX,1996-04,10
TX,1996-05,2
TX,1996-07,1
TX,1997-06,1
TX,1998-05,2
TX,1998-06,4
TX,1998-07,13
TX,1998-08,7
TX,1998-09,9
TX,1998-10,1
TX,1999-03,1
TX,1999-05,1
TX,1999-08,6
TX,1999-09,2
TX,1999-10,1
TX,1999-11,1
TX,2000-01,3
TX,2000-03,1
TX,2000-08,4
TX,2000-09,11
TX,2000-10,1
TX,2000-12,1
TX,2001-06,1
TX,2002-06,1
TX,2002-09,1
TX,2002-10,1
TX,2003-02,1
TX,2003-07,1
TX,2005-08,1
TX,2005-09,2
TX,2005-11,1
TX,2005-12,2
TX,2006-01,12
TX,2006-02,1
TX,2006-05,1
TX,2006-06,1
TX,2006-07,1
TX,2006-08,2
TX,2006-09,1
TX,2006-11,1
TX,2007-04,1
TX,2007-06,1
TX,2007-08,2
TX,2008-02,6
TX,2008-03,10
TX,2008-04,2
TX,2008-05,1
TX,2008-06,3
TX,2008-07,1
TX,2008-08,2
TX,2008-09,2
TX,2009-02,3
TX,2009-03,3
TX,2009-04,10
TX,2010-06,2
TX,2011-02,4
TX,2011-03,2
TX,2011-04,20
TX,2011-05,6
TX,2011-06,11
TX,2011-07,1
TX,2011-08,3
TX,2011-09,10
TX,2012-04,1
TX,2013-04,2
TX,2013-10,1
TX,2014-05,1
TX,2015-05,1
TX,2015-10,2
TX,2015-12,1
TX,2016-03,1
TX,2016-04,1
TX,2016-05,1
TX,2017-08,1
TX,2018-04,3
TX,2018-05,1
TX,2018-06,1
TX,2018-07,2
TX,2018-09,1
TX,2019-06,1
TX,2019-08,1
TX,2019-09,1
TX,2020-01,3
TX,2020-07,1
TX,2020-08,2
TX,2021-02,2
TX,2021-12,2
TX,2022-03,3
TX,2022-05,1
TX,2022-07,2
TX,2023-01,1
TX,2024-02,2
TX,2024-04,1
TX,2024-07,1
TX,2025-03,7
TX,2025-07,1
TX,2026-02,1
TX,2026-03,1
TX,2026-05,2
UT,1977-01,1
UT,1983-04,1
UT,1984-08,1
UT,1986-02,1
UT,1989-01,1
UT,1994-08,2
UT,1999-08,1
UT,2001-08,1
UT,2002-06,1
UT,2003-07,1
UT,2004-06,1
UT,2005-01,1
UT,2005-04,1
UT,2005-06,1
UT,2005-08,1
UT,2007-06,1
UT,2007-07,2
UT,2009-07,1
UT,2010-09,1
UT,2010-12,1
UT,2011-04,1
UT,2011-11,1
UT,2012-06,4
UT,2012-07,1
UT,2012-09,1
UT,2013-08,1
UT,2014-07,1
UT,2016-06,1
UT,2017-02,1
UT,2017-06,1
UT,2017-09,1
UT,2018-07,1
UT,2018-08,1
UT,2018-09,1
UT,2019-08,1
UT,2020-01,2
UT,2020-03,1
UT,2020-06,2
UT,2020-07,1
UT,2020-09,2
UT,2021-06,2
UT,2021-08,1
UT,2023-05,1
UT,2024-07,1
UT,2025-06,1
UT,2025-07,2
UT,2026-06,3
VA,1957-02,1
VA,1962-03,1
VA,1963-03,1
VA,1969-08,1
VA,1972-06,1
VA,1972-10,2
VA,1976-10,1
VA,1977-01,1
VA,1977-04,1
VA,1977-07,1
VA,1977-11,1
VA,1979-07,1
VA,1979-09,1
VA,1984-05,1
VA,1985-11,1
VA,1989-10,1
VA,1992-04,1
VA,1993-03,1
VA,1993-08,1
VA,1994-02,1
VA,1994-03,1
VA,1995-06,1
VA,1996-01,2
VA,1996-09,1
VA,1998-08,1
VA,1999-08,1
VA,1999-09,2
VA,2000-01,1
VA,2001-07,1
VA,2001-09,2
VA,2001-11,3
VA,2002-02,1
VA,2002-03,1
VA,2002-04,1
VA,2003-02,1
VA,2003-09,1
VA,2003-11,1
VA,2004-05,1
VA,2004-08,1
VA,2004-09,1
VA,2005-08,1
VA,2006-04,1
VA,2006-06,1
VA,2006-08,1
VA,2009-11,1
VA,2009-12,1
VA,2010-02,1
VA,2011-02,2
VA,2011-08,3
VA,2011-09,1
VA,2012-06,1
VA,2012-10,2
VA,2016-01,1
VA,2016-10,1
VA,2018-09,2
VA,2018-10,1
VA,2020-01,2
VA,2021-02,1
VA,2021-08,1
VA,2022-01,1
VA,2022-07,1
VA,2024-09,2
VA,2025-02,1
VA,2026-01,1
VT,1963-11,1
VT,1964-03,1
VT,1969-08,1
VT,1973-07,1
VT,1976-08,1
VT,1977-09,1
VT,1984-06,1
VT,1989-08,1
VT,1990-07,1
VT,1992-03,1
VT,1993-04,1
VT,1995-08,1
VT,1996-01,1
VT,1996-06,1
VT,1997-07,1
VT,1998-01,1
VT,1998-06,1
VT,1999-09,1
VT,2000-07,1
VT,2000-12,1
VT,2001-03,1
VT,2002-06,1
VT,2003-07,1
VT,2004-08,1
VT,2007-04,1
VT,2007-07,1
VT,2008-06,1
VT,2008-07,2
VT,2008-12,1
VT,2010-12,1
VT,2011-04,1
VT,2011-05,2
VT,2011-08,2
VT,2012-05,1
VT,2013-05,1
VT,2013-06,1
VT,2013-12,1
VT,2014-04,1
VT,2014-12,1
VT,2015-06,1
VT,2017-06,1
VT,2017-10,1
VT,2018-05,1
VT,2019-04,1
VT,2019-10,1
VT,2020-01,2
VT,2021-07,1
VT,2021-08,1
VT,2022-12,1
VT,2023-07,2
VT,2023-08,1
VT,2023-12,1
VT,2024-01,1
VT,2024-07,2
VT,2024-08,2
WA,1956-02,1
WA,1957-03,1
WA,1962-10,1
WA,1963-03,1
WA,1964-12,1
WA,1965-05,1
WA,1970-07,1
WA,1971-02,1
WA,1972-02,1
WA,1972-03,1
WA,1972-06,1
WA,1974-01,1
WA,1975-12,1
WA,1977-03,1
WA,1977-12,1
WA,1979-03,1
WA,1979-07,1
WA,1979-12,1
WA,1980-05,1
WA,1982-08,1
WA,1983-01,1
WA,1985-08,1
WA,1986-01,1
WA,1986-02,1
WA,1986-05,1
WA,1986-11,1
WA,1988-09,1
WA,1989-03,1
WA,1990-01,1
WA,1990-11,1
WA,1990-12,1
WA,1991-10,2
WA,1992-08,1
WA,1993-01,1
WA,1994-05,1
WA,1994-07,4
WA,1995-11,1
WA,1996-01,1
WA,1996-08,1
WA,1996-11,1
WA,1996-12,1
WA,1997-03,1
WA,1997-04,1
WA,1997-07,1
WA,1997-08,1
WA,1997-09,1
WA,1998-03,1
WA,1998-05,1
WA,1998-07,1
WA,1998-09,2
WA,2000-06,1
WA,2000-07,1
WA,2000-08,1
WA,2001-02,1
WA,2001-07,1
WA,2001-08,7
WA,2002-07,2
WA,2003-07,2
WA,2003-09,1
WA,2003-10,1
WA,2004-07,3
WA,2004-08,2
WA,2005-07,1
WA,2005-08,2
WA,2006-01,1
WA,2006-08,2
WA,2006-09,1
WA,2006-11,1
WA,2006-12,1
WA,2007-07,2
WA,2007-09,1
WA,2007-12,1
WA,2008-07,2
WA,2008-12,1
WA,2009-01,1
WA,2009-07,1
WA,2009-08,2
WA,2010-07,1
WA,2010-08,1
WA,2011-01,1
WA,2011-09,1
WA,2012-01,1
WA,2012-07,1
WA,2012-08,1
WA,2012-09,7
WA,2013-07,1
WA,2013-08,2
WA,2014-03,2
WA,2014-07,8
WA,2014-08,2
WA,2015-06,1
WA,2015-07,1
WA,2015-08,12
WA,2015-09,1
WA,2015-11,1
WA,2015-12,1
WA,2016-07,1
WA,2016-08,3
WA,2017-01,1
WA,2017-05,1
WA,2017-06,1
WA,2017-09,1
WA,2018-05,1
WA,2018-07,4
WA,2018-08,5
WA,2018-12,1
WA,2020-01,4
WA,2020-07,2
WA,2020-08,2
WA,2020-09,7
WA,2020-12,1
WA,2021-07,5
WA,2021-08,4
WA,2021-11,1
WA,2021-12,1
WA,2022-08,1
WA,2022-09,1
WA,2022-10,1
WA,2022-11,1
WA,2023-07,5
WA,2023-08,3
WA,2024-01,1
WA,2024-06,2
WA,2024-07,4
WA,2025-07,1
WA,2025-09,1
WA,2025-12,2
WA,2026-06,1
WI,1965-04,1
WI,1969-05,1
WI,1969-07,1
WI,1972-09,1
WI,1973-04,1
WI,1974-04,1
WI,1975-09,1
WI,1976-03,1
WI,1976-06,1
WI,1977-08,1
WI,1978-07,1
WI,1979-01,1
WI,1980-04,1
WI,1980-07,1
WI,1984-06,1
WI,1984-07,1
WI,1986-08,1
WI,1986-09,1
WI,1990-06,1
WI,1990-08,1
WI,1991-07,1
WI,1992-06,1
WI,1992-08,1
WI,1992-09,1
WI,1993-06,1
WI,1996-07,1
WI,1997-06,1
WI,1998-06,1
WI,1998-08,1
WI,1999-07,1
WI,2000-05,1
WI,2000-12,1
WI,2001-04,1
WI,2002-06,1
WI,2002-09,1
WI,2004-05,1
WI,2005-08,1
WI,2007-08,1
WI,2008-02,1
WI,2008-06,1
WI,2010-07,1
WI,2010-09,1
WI,2011-01,1
WI,2012-06,1
WI,2013-06,1
WI,2016-07,1
WI,2016-09,1
WI,2017-07,1
WI,2018-06,1
WI,2018-08,1
WI,2019-07,1
WI,2020-01,3
WI,2025-08,1
WI,2026-04,1
WV,1954-08,1
WV,1957-01,1
WV,1961-07,1
WV,1962-03,1
WV,1963-03,1
WV,1964-03,1
WV,1967-03,1
WV,1969-09,2
WV,1972-02,1
WV,1972-07,1
WV,1972-08,1
WV,1974-01,1
WV,1974-04,1
WV,1975-09,1
WV,1977-01,1
WV,1977-04,1
WV,1977-08,2
WV,1978-12,1
WV,1980-08,1
WV,1984-05,1
WV,1985-11,1
WV,1993-03,1
WV,1995-06,1
WV,1996-01,2
WV,1996-05,1
WV,1996-07,1
WV,1996-09,1
WV,1997-02,1
WV,1998-06,1
WV,2000-02,1
WV,2001-05,1
WV,2001-11,2
WV,2002-05,1
WV,2003-02,1
WV,2003-06,1
WV,2003-09,1
WV,2003-11,1
WV,2004-05,1
WV,2004-07,1
WV,2004-09,1
WV,2005-01,1
WV,2005-08,1
WV,2007-04,1
WV,2008-06,1
WV,2009-05,1
WV,2009-12,1
WV,2010-02,1
WV,2010-03,1
WV,2010-06,1
WV,2012-02,1
WV,2012-03,1
WV,2012-06,2
WV,2012-10,2
WV,2013-06,1
WV,2014-01,1
WV,2015-03,1
WV,2015-04,3
WV,2015-07,1
WV,2016-06,1
WV,2017-07,1
WV,2018-02,1
WV,2018-05,1
WV,2019-06,1
WV,2020-01,2
WV,2021-02,2
WV,2022-07,1
WV,2022-08,1
WV,2023-08,1
WV,2024-04,2
WV,2024-09,1
WV,2025-02,1
WV,2025-06,1
WV,2026-01,1
WY,1963-07,1
WY,1977-06,1
WY,1978-05,1
WY,1979-07,1
WY,1985-08,1
WY,1987-02,1
WY,1998-10,1
WY,2000-07,1
WY,2000-10,1
WY,2001-07,2
WY,2001-09,1
WY,2002-06,2
WY,2002-08,1
WY,2003-11,1
WY,2005-08,1
WY,2006-07,1
WY,2006-08,1
WY,2007-08,1
WY,2010-06,1
WY,2011-05,1
WY,2012-06,1
WY,2012-07,2
WY,2012-09,1
WY,2015-05,1
WY,2015-10,1
WY,2016-07,2
WY,2017-02,1
WY,2017-06,1
WY,2018-06,1
WY,2018-09,1
WY,2020-01,2
WY,2020-09,2
WY,2023-06,1
WY,2024-03,1
WY,2024-07,1
WY,2024-08,2
WY,2024-09,1
WY,2025-08,1
